{
  "workingList": {
    "working": [
      {
        "clientName": "David",
        "interviewType": {
          "id": "4",
          "name": "培训"
        },
        "interviewNatures": {
          "interviewNature": {
            "id": "1",
            "name": "电话跟进"
          }
        },
        "startDateTime": "2016-04-12 10:00:00",
        "endDateTime": "2016-04-12 12:00:00"
      },
      {
        "clientName": "Stephen",
        "interviewType": {
          "id": "5",
          "name": "公司活动"
        },
        "interviewNatures": {
          "interviewNature": {
            "id": "2",
            "name": "产品简报"
          }
        },
        "startDateTime": "2016-04-12 12:00:00",
        "endDateTime": "2016-04-12 15:00:00"
      }
    ]
  }
}
